珂쇌,侊똑
珂쇌,侊똑
2025-08-27 21:02:30,28.8
2025-08-27 21:02:32,28.6
2025-08-27 21:02:35,28.5
2025-08-27 21:02:40,28.2
2025-08-27 21:02:42,28.2
2025-08-27 21:02:45,28
2025-08-27 21:02:48,28.9
2025-08-27 21:02:50,29
2025-08-27 21:02:53,29
2025-08-27 21:02:56,28.8
2025-08-27 21:02:58,28.5
2025-08-27 21:03:01,28.5
2025-08-27 21:03:04,28.5
2025-08-27 21:03:06,28.3
2025-08-27 21:03:09,27.9
2025-08-27 21:03:12,27.8
2025-08-27 21:03:14,28
2025-08-27 21:03:17,28
2025-08-27 21:03:20,28
2025-08-27 21:03:22,27.8
2025-08-27 21:03:26,27.5
2025-08-27 21:03:29,27.6
2025-08-27 21:03:32,27.5
2025-08-27 21:03:34,27.4
2025-08-27 21:03:37,27.4
2025-08-27 21:03:40,27.3
2025-08-27 21:03:42,27.4
2025-08-27 21:03:49,27.2
2025-08-27 21:03:52,27.1
2025-08-27 21:03:55,27.1
2025-08-27 21:03:57,27.1
2025-08-27 21:04:00,27
2025-08-27 21:04:03,27
2025-08-27 21:04:07,26.9
2025-08-27 21:04:10,26.5
2025-08-27 21:04:13,26.8
2025-08-27 21:04:15,26.8
2025-08-27 21:04:18,26.8
2025-08-27 21:04:21,25.9
2025-08-27 21:04:23,26.7
2025-08-27 21:04:26,26.8
2025-08-27 21:04:33,26.6
2025-08-27 21:04:36,26.6
2025-08-27 21:04:39,26.6
2025-08-27 21:04:41,26.5
2025-08-27 21:04:44,26.5
2025-08-27 21:04:47,26.5
2025-08-27 21:04:51,26.5
2025-08-27 21:04:54,26.6
2025-08-27 21:04:57,26.5
2025-08-27 21:04:59,26.5
2025-08-27 21:05:02,26.5
2025-08-27 21:05:05,26.5
2025-08-27 21:05:07,26.5
2025-08-27 21:05:13,26.6
2025-08-27 21:05:15,26.5
2025-08-27 21:05:18,26.6
2025-08-27 21:05:21,23.9
2025-08-27 21:05:23,26.4
2025-08-27 21:05:26,24.1
2025-08-27 21:05:29,26.4
2025-08-27 21:05:31,26.7
2025-08-27 21:05:34,26.5
2025-08-27 21:05:41,26.4
2025-08-27 21:05:43,26.5
2025-08-27 21:05:46,26.5
2025-08-27 21:05:49,26.5
2025-08-27 21:05:51,26.5
2025-08-27 21:05:59,26.4
2025-08-27 21:06:02,26.4
2025-08-27 21:06:05,26.4
2025-08-27 21:06:07,26.4
2025-08-27 21:06:10,26.4
2025-08-27 21:06:13,26.4
2025-08-27 21:06:21,26.4
2025-08-27 21:06:23,26.4
2025-08-27 21:06:26,26.4
2025-08-27 21:06:28,26.3
2025-08-27 21:06:31,26.3
2025-08-27 21:06:39,26.3
2025-08-27 21:06:41,26.3
2025-08-27 21:06:44,26.3
2025-08-27 21:06:46,26.2
2025-08-27 21:06:49,26.2
2025-08-27 21:06:52,26.2
2025-08-27 21:07:01,26.1
2025-08-27 21:07:04,26.1
2025-08-27 21:07:07,26.1
2025-08-27 21:07:09,26
2025-08-27 21:07:12,26
2025-08-27 21:07:19,26
2025-08-27 21:07:22,25.9
2025-08-27 21:07:25,25.9
2025-08-27 21:07:27,25.9
2025-08-27 21:07:30,25.9
2025-08-27 21:07:33,25.9
2025-08-27 21:07:42,25.8
2025-08-27 21:07:45,25.8
2025-08-27 21:07:47,25.8
2025-08-27 21:07:50,25.8
2025-08-27 21:07:53,25.8
2025-08-27 21:08:00,25.7
2025-08-27 21:08:03,25.7
2025-08-27 21:08:05,25.7
2025-08-27 21:08:08,25.7
2025-08-27 21:08:11,25.6
2025-08-27 21:08:13,25.6
2025-08-27 21:08:23,25.6
2025-08-27 21:08:26,25.6
2025-08-27 21:08:28,25.6
2025-08-27 21:08:31,25.5
2025-08-27 21:08:34,25.5
2025-08-27 21:08:41,25.5
2025-08-27 21:08:44,25.5
2025-08-27 21:08:46,25.3
2025-08-27 21:08:49,25.8
2025-08-27 21:08:52,29.4
2025-08-27 21:08:54,30
2025-08-27 21:08:57,31.8
2025-08-27 21:09:04,31.1
2025-08-27 21:09:07,30.8
2025-08-27 21:09:10,30.7
2025-08-27 21:09:12,30.7
2025-08-27 21:09:15,30.6
2025-08-27 21:09:18,30.5
2025-08-27 21:09:20,30.3
2025-08-27 21:09:27,30
2025-08-27 21:09:30,29.9
2025-08-27 21:09:32,29.5
2025-08-27 21:09:35,29.5
2025-08-27 21:09:38,29.8
2025-08-27 21:09:40,29.3
2025-08-27 21:09:43,29.1
2025-08-27 21:09:46,29
2025-08-27 21:09:48,28.8
2025-08-27 21:09:51,29
2025-08-27 21:09:54,28.6
2025-08-27 21:09:56,28.4
2025-08-27 21:09:59,28.4
2025-08-27 21:10:02,28.3
2025-08-27 21:10:09,27.9
2025-08-27 21:10:12,27.8
2025-08-27 21:10:14,27.7
2025-08-27 21:10:17,27.6
2025-08-27 21:10:20,27.5
2025-08-27 21:10:22,27.4
2025-08-27 21:10:30,27.2
2025-08-27 21:10:32,27.1
2025-08-27 21:10:35,27
2025-08-27 21:10:38,26.9
2025-08-27 21:10:40,26.9
2025-08-27 21:10:48,26.6
2025-08-27 21:10:50,26.6
2025-08-27 21:10:53,26.5
2025-08-27 21:10:56,26.5
2025-08-27 21:10:58,26.5
2025-08-27 21:11:01,26.3
2025-08-27 21:11:04,26.4
2025-08-27 21:11:11,26.3
2025-08-27 21:11:13,25.6
2025-08-27 21:11:16,26.1
2025-08-27 21:11:18,26.1
2025-08-27 21:11:21,26
2025-08-27 21:11:29,25.9
2025-08-27 21:11:31,25.9
2025-08-27 21:11:34,25.9
2025-08-27 21:11:36,25.8
2025-08-27 21:11:39,25.8
2025-08-27 21:11:42,25.8
2025-08-27 21:11:51,25.6
2025-08-27 21:11:54,25.6
2025-08-27 21:11:57,25.6
2025-08-27 21:11:59,25.6
2025-08-27 21:12:02,25.6
2025-08-27 21:12:12,25.5
2025-08-27 21:12:15,25.5
2025-08-27 21:12:17,25.5
2025-08-27 21:12:20,25.5
2025-08-27 21:12:23,25.5
2025-08-27 21:12:30,25.4
2025-08-27 21:12:33,25.4
2025-08-27 21:12:35,25.4
2025-08-27 21:12:38,25.4
2025-08-27 21:12:41,25.4
2025-08-27 21:12:43,25.4
2025-08-27 21:12:53,25.4
2025-08-27 21:12:55,25.4
2025-08-27 21:12:58,25.4
2025-08-27 21:13:01,25.4
2025-08-27 21:13:04,25.4
2025-08-27 21:13:11,25.3
2025-08-27 21:13:13,25.3
2025-08-27 21:13:16,25.3
2025-08-27 21:13:19,25.3
2025-08-27 21:13:21,25.3
2025-08-27 21:13:24,25.3
2025-08-27 21:13:34,25.4
2025-08-27 21:13:36,25.4
2025-08-27 21:13:39,25.4
2025-08-27 21:13:42,25.4
2025-08-27 21:13:44,25.4
2025-08-27 21:13:52,25.4
2025-08-27 21:13:54,25.4
2025-08-27 21:13:57,25.4
2025-08-27 21:14:00,25.4
2025-08-27 21:14:02,25.4
2025-08-27 21:14:05,25.4
2025-08-27 21:14:14,25.5
2025-08-27 21:14:17,25.5
2025-08-27 21:14:20,25.5
2025-08-27 21:14:22,25.5
2025-08-27 21:14:25,25.5
2025-08-27 21:14:35,25.5
2025-08-27 21:14:38,25.6
2025-08-27 21:14:40,25.6
2025-08-27 21:14:43,25.6
2025-08-27 21:14:46,25.6
2025-08-27 21:14:53,25.6
2025-08-27 21:14:56,25.6
2025-08-27 21:14:58,25.6
2025-08-27 21:15:01,25.6
2025-08-27 21:15:04,25.6
2025-08-27 21:15:06,25.6
2025-08-27 21:15:16,25.6
2025-08-27 21:15:19,25.7
2025-08-27 21:15:21,25.7
2025-08-27 21:15:24,25.7
2025-08-27 21:15:27,25.7
2025-08-27 21:15:34,25.7
2025-08-27 21:15:37,25.7
2025-08-27 21:15:39,25.7
2025-08-27 21:15:42,25.8
2025-08-27 21:15:45,25.7
2025-08-27 21:15:47,25.8
2025-08-27 21:15:57,25.8
2025-08-27 21:15:59,25.8
2025-08-27 21:16:02,25.8
2025-08-27 21:16:05,25.8
2025-08-27 21:16:07,25.8
2025-08-27 21:16:15,25.8
2025-08-27 21:16:17,25.8
2025-08-27 21:16:20,25.8
2025-08-27 21:16:23,25.8
2025-08-27 21:16:25,25.8
2025-08-27 21:16:28,25.8
2025-08-27 21:16:38,25.8
2025-08-27 21:16:40,25.8
2025-08-27 21:16:43,25.8
2025-08-27 21:16:45,25.8
2025-08-27 21:16:48,25.8
2025-08-27 21:16:56,25.9
2025-08-27 21:16:58,25.9
2025-08-27 21:17:01,25.9
2025-08-27 21:17:03,25.9
2025-08-27 21:17:06,25.9
2025-08-27 21:17:09,25.9
2025-08-27 21:17:18,25.9
2025-08-27 21:17:21,25.9
2025-08-27 21:17:24,25.9
2025-08-27 21:17:26,25.9
2025-08-27 21:17:29,25.9
2025-08-27 21:17:39,25.9
2025-08-27 21:17:42,25.9
2025-08-27 21:17:44,25.9
2025-08-27 21:17:47,25.9
2025-08-27 21:17:50,25.9
2025-08-27 21:17:57,25.9
2025-08-27 21:18:00,25.9
2025-08-27 21:18:02,25.9
2025-08-27 21:18:05,25.9
2025-08-27 21:18:08,25.9
2025-08-27 21:18:10,25.9
2025-08-27 21:18:20,25.9
2025-08-27 21:18:22,26
2025-08-27 21:18:25,26
2025-08-27 21:18:28,25.9
2025-08-27 21:18:31,26
2025-08-27 21:18:38,26
2025-08-27 21:18:40,26
2025-08-27 21:18:43,26
2025-08-27 21:18:46,26
2025-08-27 21:18:48,26
2025-08-27 21:19:01,26
2025-08-27 21:19:03,26
2025-08-27 21:19:06,26
2025-08-27 21:19:09,26
2025-08-27 21:19:11,26
2025-08-27 21:19:19,26
2025-08-27 21:19:21,26
2025-08-27 21:19:24,26
2025-08-27 21:19:27,26
2025-08-27 21:19:29,26
2025-08-27 21:19:32,26
2025-08-27 21:19:35,26.1
2025-08-27 21:19:41,26.8
2025-08-27 21:19:44,27
2025-08-27 21:19:47,27.2
2025-08-27 21:19:49,27.3
2025-08-27 21:19:52,27.5
2025-08-27 21:19:55,27.6
2025-08-27 21:19:59,27.8
2025-08-27 21:20:02,27.8
2025-08-27 21:20:05,27.9
2025-08-27 21:20:07,27.9
2025-08-27 21:20:10,28
2025-08-27 21:20:13,28
2025-08-27 21:20:15,28
2025-08-27 21:20:22,28
2025-08-27 21:20:25,28
2025-08-27 21:20:27,28
2025-08-27 21:20:30,28
2025-08-27 21:20:33,28
2025-08-27 21:20:35,28
2025-08-27 21:20:40,28
2025-08-27 21:20:43,27.9
2025-08-27 21:20:46,27.9
2025-08-27 21:20:48,27.9
2025-08-27 21:20:51,27.9
2025-08-27 21:20:53,27.9
2025-08-27 21:20:56,27.8
2025-08-27 21:21:03,27.8
2025-08-27 21:21:06,27.8
2025-08-27 21:21:08,27.7
2025-08-27 21:21:11,27.7
2025-08-27 21:21:14,27.6
2025-08-27 21:21:16,27.6
2025-08-27 21:21:21,27.6
2025-08-27 21:21:24,27.5
2025-08-27 21:21:26,27.5
2025-08-27 21:21:29,27.5
2025-08-27 21:21:32,27.5
2025-08-27 21:21:34,27.4
2025-08-27 21:21:37,27.4
2025-08-27 21:21:44,27.3
2025-08-27 21:21:46,27.3
2025-08-27 21:21:49,27.3
珂쇌,侊똑
珂쇌,侊똑
2025-08-28 13:07:10,24.7
2025-08-28 13:07:13,26
2025-08-28 13:07:16,26.3
2025-08-28 13:07:19,26
2025-08-28 13:07:22,26.1
2025-08-28 13:07:27,32.8
2025-08-28 13:07:30,27.8
2025-08-28 13:07:35,25.3
2025-08-28 13:07:37,29.4
2025-08-28 13:07:40,31.3
2025-08-28 13:07:43,25.3
2025-08-28 13:07:46,26
2025-08-28 13:07:49,26.3
2025-08-28 13:07:52,26.5
2025-08-28 13:07:54,25.9
2025-08-28 13:07:57,23.6
2025-08-28 13:08:00,26.4
2025-08-28 13:08:03,26.3
2025-08-28 13:08:06,26.4
2025-08-28 13:08:08,26.4
2025-08-28 13:08:11,26.4
2025-08-28 13:08:14,26.4
2025-08-28 13:08:16,26.4
2025-08-28 13:08:19,26.8
2025-08-28 13:08:22,26.3
2025-08-28 13:08:25,28
2025-08-28 13:08:27,26.3
2025-08-28 13:08:30,26.6
2025-08-28 13:08:33,26.1
2025-08-28 13:08:36,25.7
2025-08-28 13:08:38,26.4
2025-08-28 13:08:42,26.6
2025-08-28 13:08:44,25.9
2025-08-28 13:08:48,26.6
2025-08-28 13:08:51,26.6
2025-08-28 13:08:54,26.6
2025-08-28 13:08:56,26.7
2025-08-28 13:08:59,26.8
2025-08-28 13:09:02,26.8
2025-08-28 13:09:05,26.9
珂쇌,侊똑
珂쇌,侊똑
2026-06-12 11:02:21,27.7
2026-06-12 11:02:24,27.7
2026-06-12 11:02:26,27.7
2026-06-12 11:02:29,27.7
2026-06-12 11:02:32,27.7
2026-06-12 11:02:34,27.7
2026-06-12 11:02:37,27.7
2026-06-12 11:02:40,27.7
2026-06-12 11:02:43,27.6
2026-06-12 11:02:47,27.6
2026-06-12 11:02:51,27.7
2026-06-12 11:02:54,27.7
2026-06-12 11:02:57,28
2026-06-12 11:03:00,27.8
2026-06-12 11:03:05,27.7
2026-06-12 11:03:09,27.7
2026-06-12 11:03:12,27.7
2026-06-12 11:03:15,27.7
2026-06-12 11:03:17,27.7
2026-06-12 11:03:20,27.6
2026-06-12 11:03:23,27.7
2026-06-12 11:03:25,27.6
2026-06-12 11:03:28,27.7
2026-06-12 11:03:31,27.7
2026-06-12 11:03:34,27.7
2026-06-12 11:03:37,27.6
2026-06-12 11:03:40,27.6
2026-06-12 11:03:43,26.3
2026-06-12 11:03:46,27.8
2026-06-12 11:03:49,28.1
2026-06-12 11:03:52,28.3
2026-06-12 11:11:30,27.9
2026-06-12 11:11:33,28.8
2026-06-12 11:11:36,27.9
2026-06-12 11:11:39,27.9
2026-06-12 11:11:42,27.9
2026-06-12 11:11:45,27.9
2026-06-12 11:11:47,27.9
2026-06-12 11:11:50,27.5
2026-06-12 11:11:53,28
2026-06-12 11:11:56,27.9
2026-06-12 11:11:59,27.9
2026-06-12 11:12:02,27.9
2026-06-12 11:12:04,27.9
2026-06-12 11:12:07,27.9
2026-06-12 11:12:10,28
2026-06-12 11:12:13,27.9
2026-06-12 11:12:16,27.9
2026-06-12 11:12:19,28
2026-06-12 11:12:22,28
2026-06-12 11:12:25,27.8
2026-06-12 11:12:27,27.9
2026-06-12 11:12:30,27.9
2026-06-12 11:12:33,27.9
2026-06-12 11:12:36,27.9
2026-06-12 11:12:38,26.6
2026-06-12 11:12:42,27.9
2026-06-12 11:12:44,28
2026-06-12 11:12:47,26.4
2026-06-12 11:12:50,27.9
2026-06-12 11:12:52,27.9
2026-06-12 11:12:55,27.9
2026-06-12 11:12:58,27.9
2026-06-12 11:13:00,27.9
2026-06-12 11:13:03,27.9
2026-06-12 11:13:06,27.9
2026-06-12 11:13:08,27.9
2026-06-12 11:13:11,27.9
2026-06-12 11:13:14,27.9
2026-06-12 11:13:16,27.9
2026-06-12 11:13:19,27.9
2026-06-12 11:13:22,27.9
2026-06-12 11:13:26,27.8
2026-06-12 11:13:28,27.9
2026-06-12 11:13:32,27.8
2026-06-12 11:13:34,27.8
2026-06-12 11:13:37,27.8
2026-06-12 11:13:40,27.8
2026-06-12 11:13:43,27.8
2026-06-12 11:13:46,27.8
2026-06-12 11:13:49,27.8
2026-06-12 11:13:52,27.8
2026-06-12 11:13:54,27.8
2026-06-12 11:13:58,27.8
2026-06-12 11:14:00,27.8
2026-06-12 11:14:03,27.8
2026-06-12 11:16:31,26.9
2026-06-12 11:16:34,29.9
2026-06-12 11:16:37,27.2
2026-06-12 11:16:39,27.4
2026-06-12 11:16:42,27
2026-06-12 11:16:45,23.3
2026-06-12 11:16:47,27.5
2026-06-12 11:16:50,29
2026-06-12 11:16:53,27.5
2026-06-12 11:16:56,27.4
2026-06-12 11:16:58,27.1
2026-06-12 11:17:01,27.2
2026-06-12 11:17:04,27.6
2026-06-12 11:17:07,27.4
2026-06-12 11:17:09,27.4
2026-06-12 11:17:12,27.5
2026-06-12 11:17:14,27.3
2026-06-12 11:17:17,25.6
2026-06-12 11:17:20,23.4
2026-06-12 11:17:23,27.4
2026-06-12 11:17:26,27.5
2026-06-12 11:17:29,27.4
2026-06-12 11:17:31,27.3
2026-06-12 11:17:34,27.4
2026-06-12 11:17:40,27.4
2026-06-12 11:17:42,27.4
2026-06-12 11:17:45,27.4
2026-06-12 11:17:48,27.3
2026-06-12 11:17:51,27.4
2026-06-12 11:17:53,27.4
2026-06-12 11:17:56,27.4
2026-06-12 11:17:59,28
2026-06-12 11:18:02,27.3
2026-06-12 11:18:05,27.3
2026-06-12 11:18:08,28.6
2026-06-12 11:18:10,27.3
2026-06-12 11:18:13,27.5
2026-06-12 11:18:16,27.3
2026-06-12 11:18:18,27.3
2026-06-12 11:18:22,25
2026-06-12 11:18:26,26.8
2026-06-12 11:18:29,27.4
2026-06-12 11:18:31,27.1
2026-06-12 11:18:34,27.1
2026-06-12 11:18:37,28.4
2026-06-12 11:18:40,27.2
2026-06-12 11:18:43,28
2026-06-12 11:18:45,27.5
2026-06-12 11:18:48,27.8
2026-06-12 11:18:51,26.9
2026-06-12 11:18:53,27.4
2026-06-12 11:18:56,27.8
2026-06-12 11:18:58,27.3
2026-06-12 11:19:01,27.5
2026-06-12 11:19:04,27.5
2026-06-12 11:19:08,27.5
2026-06-12 11:19:11,27.5
2026-06-12 11:19:13,25.1
2026-06-12 11:19:16,27.8
2026-06-12 11:19:19,28.1
2026-06-12 11:19:22,27.6
2026-06-12 11:19:24,27.4
2026-06-12 11:19:27,28.1
2026-06-12 11:19:30,27.5
2026-06-12 11:19:32,27.6
2026-06-12 11:19:35,27.5
2026-06-12 11:19:38,27.5
2026-06-12 11:19:41,27.3
2026-06-12 11:19:43,28.3
2026-06-12 11:19:46,28.3
2026-06-12 11:19:49,27.9
2026-06-12 11:19:51,27.6
2026-06-12 11:19:54,27.6
2026-06-12 11:19:57,27.3
2026-06-12 11:19:59,27.4
2026-06-12 11:20:02,27.5
2026-06-12 11:20:05,27.5
2026-06-12 11:20:07,27.5
2026-06-12 11:20:10,27.4
2026-06-12 11:20:13,27.5
珂쇌,侊똑
2026-06-17 15:16:55,26.8
2026-06-17 15:16:57,27.1
2026-06-17 15:17:00,26.8
2026-06-17 15:17:04,26.8
2026-06-17 15:17:07,26.8
2026-06-17 15:17:10,26.9
2026-06-17 15:17:13,26.9
2026-06-17 15:17:15,27
2026-06-17 15:17:18,26.9
2026-06-17 15:17:21,27.9
2026-06-17 15:17:24,27
2026-06-17 15:17:26,26.8
2026-06-17 15:17:30,26.6
2026-06-17 15:17:32,27.1
2026-06-17 15:17:35,25.6
2026-06-17 15:17:38,26.8
2026-06-17 15:17:41,26.9
2026-06-17 15:17:43,26.9
2026-06-17 15:17:46,26.9
2026-06-17 15:17:49,26.9
2026-06-17 15:17:52,26.8
2026-06-17 15:17:54,26.9
2026-06-17 15:17:57,26.9
2026-06-17 15:18:00,26.5
2026-06-17 15:18:03,26.8
2026-06-17 15:18:06,27.3
2026-06-17 15:18:08,26.8
2026-06-17 15:18:11,26.8
2026-06-17 15:18:14,26.7
2026-06-17 15:18:16,26.8
2026-06-17 15:18:19,26.8
2026-06-17 15:18:21,26.8
2026-06-17 15:18:24,26.8
2026-06-17 15:18:26,26.8
2026-06-17 15:18:29,26.8
2026-06-17 15:18:32,26.8
2026-06-17 15:18:34,26.8
2026-06-17 15:18:37,26.8
2026-06-17 15:18:39,26.9
2026-06-17 15:18:42,26.8
2026-06-17 15:18:45,26.8
2026-06-17 15:18:47,26.8
2026-06-17 15:18:51,26.8
2026-06-17 15:18:51,26.8
2026-06-17 15:18:54,27
2026-06-17 15:18:57,26.8
2026-06-17 15:19:00,26.9
2026-06-17 15:19:02,26.8
2026-06-17 15:19:05,26.9
2026-06-17 15:19:08,27.4
2026-06-17 15:19:11,28
2026-06-17 15:19:13,26.1
2026-06-17 15:19:16,26.5
2026-06-17 15:19:19,27.3
2026-06-17 15:19:22,27.3
2026-06-17 15:19:25,26
2026-06-17 15:19:28,26.8
2026-06-17 15:19:31,26.8
2026-06-17 15:19:34,26.9
2026-06-17 15:19:36,26.8
2026-06-17 15:19:40,26.8
2026-06-17 15:19:43,26.8
2026-06-17 15:19:46,26.8
2026-06-17 15:19:49,26.7
2026-06-17 15:19:52,26.7
2026-06-17 15:19:55,26.7
2026-06-17 15:19:58,26.7
2026-06-17 15:20:01,26.7
2026-06-17 15:20:04,26.7
2026-06-17 15:20:07,26.8
2026-06-17 15:20:10,26.7
2026-06-17 15:20:13,26.7
2026-06-17 15:20:16,26.8
2026-06-17 15:20:19,26.7
2026-06-17 15:20:22,26.7
2026-06-17 15:20:25,26.7
2026-06-17 15:20:28,26.6
2026-06-17 15:20:31,26.8
2026-06-17 15:20:34,26.7
2026-06-17 15:20:37,26.6
2026-06-17 15:20:40,26.7
2026-06-17 15:20:43,26.6
2026-06-17 15:20:46,26.6
2026-06-17 15:20:49,26.6
2026-06-17 15:20:52,26.6
2026-06-17 15:20:55,26.6
2026-06-17 15:20:58,26.6
2026-06-17 15:21:01,26.6
2026-06-17 15:21:04,26.7
2026-06-17 15:21:07,26.6
2026-06-17 15:21:11,26.6
2026-06-17 15:21:17,26.7
2026-06-17 15:21:20,26.6
2026-06-17 15:21:23,26.7
2026-06-17 15:21:26,26.6
2026-06-17 15:21:29,26.6
2026-06-17 15:21:31,26.6
2026-06-17 15:21:35,26.8
2026-06-17 15:21:38,26.6
2026-06-17 15:21:41,26.6
2026-06-17 15:21:44,26.6
2026-06-17 15:21:46,26.6
2026-06-17 15:21:50,26.6
2026-06-17 15:21:53,26.7
2026-06-17 15:21:56,26.6
2026-06-17 15:21:59,26.6
2026-06-17 15:22:02,26.6
2026-06-17 15:22:05,26.6
2026-06-17 15:22:08,26.6
2026-06-17 15:22:11,26.6
2026-06-17 15:22:14,26.6
2026-06-17 15:22:17,26.1
2026-06-17 15:22:20,27.8
2026-06-17 15:22:23,27.5
2026-06-17 15:22:26,26.8
2026-06-17 15:22:29,27
2026-06-17 15:22:32,26.5
2026-06-17 15:22:35,26.6
2026-06-17 15:22:38,27.2
2026-06-17 15:22:41,26.5
2026-06-17 15:22:44,26.7
2026-06-17 15:22:47,26.6
2026-06-17 15:22:50,26.9
2026-06-17 15:22:53,26.1
2026-06-17 15:22:57,26.6
2026-06-17 15:22:59,27.9
2026-06-17 15:23:02,26.5
2026-06-17 15:23:05,26.5
2026-06-17 15:23:08,26.6
2026-06-17 15:23:11,26.5
2026-06-17 15:23:14,26.7
2026-06-17 15:23:17,26.5
2026-06-17 15:23:21,26.6
2026-06-17 15:23:24,26.7
2026-06-17 15:23:26,26.3
2026-06-17 15:23:30,27
2026-06-17 15:23:33,25.9
2026-06-17 15:23:36,26.4
2026-06-17 15:23:38,26.8
2026-06-17 15:23:41,26.5
2026-06-17 15:23:45,26.6
2026-06-17 15:23:48,26.5
2026-06-17 15:23:50,26.1
2026-06-17 15:23:54,25.9
2026-06-17 15:23:57,26.2
2026-06-17 15:24:00,26.3
2026-06-17 15:24:03,26.6
2026-06-17 15:24:05,25.5
2026-06-17 15:24:09,26.5
2026-06-17 15:24:24,28.8
2026-06-17 15:24:27,26.7
2026-06-17 15:24:29,26.6
2026-06-17 15:24:32,26.5
2026-06-17 15:24:35,26.5
2026-06-17 15:24:38,26.5
2026-06-17 15:24:40,26.5
珂쇌,侊똑
2026-06-17 15:24:55,26.5
2026-06-17 15:24:58,26.5
2026-06-17 15:25:01,26.5
2026-06-17 15:25:04,26.5
2026-06-17 15:25:07,26.6
2026-06-17 15:25:09,26.5
2026-06-17 15:25:12,26.6
2026-06-17 15:25:15,26.5
2026-06-17 15:25:18,26.6
2026-06-17 15:25:21,26.5
2026-06-17 15:25:24,26.6
2026-06-17 15:25:27,26.6
2026-06-17 15:25:29,26.6
2026-06-17 15:25:32,26.5
2026-06-17 15:25:34,26.6
2026-06-17 15:25:37,26.6
2026-06-17 15:25:40,26.6
2026-06-17 15:25:43,26.6
2026-06-17 15:25:46,26.6
2026-06-17 15:25:50,26.6
2026-06-17 15:25:52,26.6
2026-06-17 15:25:55,26.6
2026-06-17 15:25:59,26.6
2026-06-17 15:26:02,26.6
2026-06-17 15:26:04,26.6
2026-06-17 15:26:07,26.6
2026-06-17 15:26:10,26.6
2026-06-17 15:26:13,26.6
2026-06-17 15:26:16,26.6
2026-06-17 15:26:19,26.6
2026-06-17 15:26:22,26.7
2026-06-17 15:26:25,26.6
2026-06-17 15:26:28,26.8
2026-06-17 15:26:33,26.7
2026-06-17 15:26:37,26.6
2026-06-17 15:26:40,26.8
2026-06-17 15:26:43,26.6
2026-06-17 15:26:45,26.7
2026-06-17 15:26:48,26.8
2026-06-17 15:26:51,26.6
2026-06-17 15:26:54,26.4
2026-06-17 15:26:57,26
2026-06-17 15:27:00,26.8
2026-06-17 15:27:04,26.6
2026-06-17 15:27:06,26.8
2026-06-17 15:27:09,27.1
2026-06-17 15:27:12,27
2026-06-17 15:27:15,26.8
2026-06-17 15:27:18,27.6
2026-06-17 15:27:21,26.8
2026-06-17 15:27:25,25.4
2026-06-17 15:27:31,26.8
2026-06-17 15:27:34,26.6
2026-06-17 15:27:37,27
2026-06-17 15:27:40,26.9
2026-06-17 15:27:43,26.8
2026-06-17 15:27:46,27.7
2026-06-17 15:27:49,27.1
2026-06-17 15:27:52,26.9
2026-06-17 15:27:55,26.8
2026-06-17 15:27:58,26.9
2026-06-17 15:28:01,29.1
2026-06-17 15:28:03,25.4
2026-06-17 15:28:06,28
2026-06-17 15:28:09,27.2
2026-06-17 15:28:11,27.1
2026-06-17 15:28:14,26.3
2026-06-17 15:28:17,27.1
2026-06-17 15:28:20,27
2026-06-17 15:28:23,26.6
2026-06-17 15:28:25,26.9
2026-06-17 15:28:28,27.1
2026-06-17 15:28:31,26.8
2026-06-17 15:28:34,26.8
2026-06-17 15:28:37,26.9
2026-06-17 15:28:40,26.5
2026-06-17 15:28:42,26.8
2026-06-17 15:28:45,26.6
2026-06-17 15:28:48,26.9
2026-06-17 15:28:51,26.8
2026-06-17 15:28:55,26.9
2026-06-17 15:28:57,27
2026-06-17 15:29:00,26.6
2026-06-17 15:29:04,26.9
2026-06-17 15:29:07,26.9
2026-06-17 15:29:09,26.9
2026-06-17 15:29:12,26.9
2026-06-17 15:29:15,26.9
2026-06-17 15:29:18,26.9
2026-06-17 15:29:21,27
2026-06-17 15:29:23,26.9
2026-06-17 15:29:26,27
2026-06-17 15:29:29,27.1
2026-06-17 15:29:32,27
2026-06-17 15:29:35,27.1
2026-06-17 15:29:38,27
2026-06-17 15:29:41,27.1
2026-06-17 15:29:44,27.1
2026-06-17 15:29:47,27.1
2026-06-17 15:29:49,27.1
2026-06-17 15:29:52,27
2026-06-17 15:29:54,27.1
2026-06-17 15:29:57,27.1
2026-06-17 15:29:59,27.1
2026-06-17 15:30:02,27.1
2026-06-17 15:30:05,27.1
2026-06-17 15:30:07,27
2026-06-17 15:30:10,27.1
2026-06-17 15:30:13,27.1
2026-06-17 15:30:16,27.1
2026-06-17 15:30:19,27.1
2026-06-17 15:30:22,27.1
2026-06-17 15:30:25,27.1
2026-06-17 15:30:28,27.3
2026-06-17 15:30:31,27.1
2026-06-17 15:30:33,27.1
2026-06-17 15:30:37,27.1
2026-06-17 15:30:40,27
2026-06-17 15:30:42,27.1
2026-06-17 15:30:45,27.1
2026-06-17 15:30:48,27.3
2026-06-17 15:30:51,27
2026-06-17 15:30:54,27
2026-06-17 15:30:56,27
2026-06-17 15:30:59,27.1
2026-06-17 15:31:02,27
2026-06-17 15:31:05,27
2026-06-17 15:31:08,27
2026-06-17 15:31:10,27
2026-06-17 15:31:13,27
2026-06-17 15:31:16,27.1
2026-06-17 15:31:18,27
2026-06-17 15:31:21,27
2026-06-17 15:31:24,27.1
2026-06-17 15:31:27,27.1
2026-06-17 15:31:30,27.1
2026-06-17 15:31:32,27
2026-06-17 15:31:35,27.2
2026-06-17 15:31:38,27.1
2026-06-17 15:31:41,27
2026-06-17 15:31:44,27.1
2026-06-17 15:31:47,27
2026-06-17 15:31:50,27.1
2026-06-17 15:31:53,27.5
2026-06-17 15:31:55,27
2026-06-17 15:31:58,26.9
2026-06-17 15:32:01,27
2026-06-17 15:32:04,27.1
2026-06-17 15:32:06,26.9
2026-06-17 15:32:09,27
2026-06-17 15:32:12,26.8
2026-06-17 15:32:14,27
2026-06-17 15:32:17,27
2026-06-17 15:32:20,27
2026-06-17 15:32:23,26.6
2026-06-17 15:32:25,26.1
2026-06-17 15:32:28,28.6
2026-06-17 15:32:31,27
2026-06-17 15:32:34,27.1
2026-06-17 15:32:37,27.1
2026-06-17 15:32:40,27
2026-06-17 15:32:42,27
2026-06-17 15:32:45,26.9
2026-06-17 15:32:48,27
2026-06-17 15:32:51,26.9
2026-06-17 15:32:53,27
2026-06-17 15:32:56,27
2026-06-17 15:32:59,26.9
2026-06-17 15:33:02,26.9
2026-06-17 15:33:05,26.9
2026-06-17 15:33:07,27.4
2026-06-17 15:33:10,25.8
2026-06-17 15:33:13,28.3
2026-06-17 15:33:19,27.4
2026-06-17 15:33:22,28
2026-06-17 15:33:25,26.4
2026-06-17 15:33:28,27.3
2026-06-17 15:33:30,25.8
2026-06-17 15:33:33,26.9
2026-06-17 15:33:36,26.6
2026-06-17 15:33:39,26.8
2026-06-17 15:33:42,27.3
2026-06-17 15:33:44,27
2026-06-17 15:33:47,26.9
2026-06-17 15:33:50,27
2026-06-17 15:33:53,26.7
2026-06-17 15:33:56,27.1
2026-06-17 15:33:59,26.3
2026-06-17 15:34:02,27
2026-06-17 15:34:05,27.4
2026-06-17 15:34:08,27
2026-06-17 15:34:11,26.8
2026-06-17 15:34:13,27
2026-06-17 15:34:16,25.8
2026-06-17 15:34:19,27
2026-06-17 15:34:22,26.7
2026-06-17 15:34:25,27.1
2026-06-17 15:34:27,26.4
2026-06-17 15:34:30,26.9
2026-06-17 15:34:33,27.5
2026-06-17 15:34:35,27
2026-06-17 15:34:38,26.9
2026-06-17 15:34:41,28.2
2026-06-17 15:34:44,25.9
2026-06-17 15:34:47,27.2
2026-06-17 15:34:49,26.6
2026-06-17 15:34:52,27
2026-06-17 15:34:55,26.9
2026-06-17 15:34:58,26.5
2026-06-17 15:35:01,26.9
2026-06-17 15:35:03,26.9
2026-06-17 15:35:06,26.8
2026-06-17 15:35:09,27.2
2026-06-17 15:35:12,26.8
2026-06-17 15:35:15,27
2026-06-17 15:35:17,26.8
2026-06-17 15:35:20,27.3
2026-06-17 15:35:23,26.1
2026-06-17 15:35:26,27.2
2026-06-17 15:35:29,28
2026-06-17 15:35:33,26.8
2026-06-17 15:35:35,26.8
2026-06-17 15:35:38,26.5
2026-06-17 15:35:41,28.1
2026-06-17 15:35:44,26.9
2026-06-17 15:35:47,27.5
2026-06-17 15:35:50,27.3
2026-06-17 15:35:52,27.5
2026-06-17 15:35:55,26.8
2026-06-17 15:35:57,28
2026-06-17 15:36:00,27
2026-06-17 15:36:02,26.6
2026-06-17 15:36:05,26.9
2026-06-17 15:36:08,26.8
2026-06-17 15:36:10,26.9
2026-06-17 15:36:13,26.9
2026-06-17 15:36:15,26.9
2026-06-17 15:36:18,26.9
2026-06-17 15:36:21,26.9
2026-06-17 15:36:23,26.9
2026-06-17 15:36:26,26.9
2026-06-17 15:36:28,26.6
2026-06-17 15:36:31,28.3
2026-06-17 15:36:33,26.8
2026-06-17 15:36:36,26.8
2026-06-17 15:36:38,26.9
2026-06-17 15:36:41,26.9
2026-06-17 15:36:44,26.9
2026-06-17 15:36:46,26.6
2026-06-17 15:36:49,26.8
2026-06-17 15:36:51,26.9
2026-06-17 15:36:54,27.4
2026-06-17 15:36:57,27
2026-06-17 15:37:00,26.8
2026-06-17 15:37:03,26.9
2026-06-17 15:37:06,26.9
2026-06-17 15:37:08,26.8
2026-06-17 15:37:12,26.9
2026-06-17 15:37:15,26.7
2026-06-17 15:37:17,25.5
2026-06-17 15:37:20,28.4
2026-06-17 15:37:23,26.9
2026-06-17 15:37:25,26.9
2026-06-17 15:37:28,26.9
2026-06-17 15:37:31,26.9
2026-06-17 15:37:33,27
2026-06-17 15:37:36,26.8
2026-06-17 15:37:38,26.9
2026-06-17 15:37:41,26.9
2026-06-17 15:37:44,26.7
2026-06-17 15:37:46,26.9
2026-06-17 15:37:49,26.8
2026-06-17 15:37:52,27
2026-06-17 15:37:55,26.9
2026-06-17 15:37:58,26.8
2026-06-17 15:38:01,26.9
2026-06-17 15:38:03,26.4
2026-06-17 15:38:09,26.9
2026-06-17 15:38:12,26.9
2026-06-17 15:38:15,26.3
2026-06-17 15:38:18,26.9
2026-06-17 15:38:21,26.8
2026-06-17 15:38:23,26.5
2026-06-17 15:38:27,27.3
2026-06-17 15:38:30,26.8
2026-06-17 15:38:32,26.9
2026-06-17 15:38:36,24.9
2026-06-17 15:38:38,25.5
2026-06-17 15:38:41,26.9
2026-06-17 15:38:44,26.9
2026-06-17 15:38:47,27
2026-06-17 15:38:49,26.8
2026-06-17 15:38:53,26.9
2026-06-17 15:38:55,26.6
2026-06-17 15:38:58,26.4
2026-06-17 15:39:01,26.8
2026-06-17 15:39:04,26.9
2026-06-17 15:39:07,26.8
2026-06-17 15:39:09,26.8
2026-06-17 15:39:12,26.8
2026-06-17 15:39:15,26.9
2026-06-17 15:39:18,26.9
2026-06-17 15:39:21,27.2
2026-06-17 15:39:24,26.5
2026-06-17 15:39:26,26.8
2026-06-17 15:39:29,26.8
2026-06-17 15:39:31,26.6
2026-06-17 15:39:34,26.9
2026-06-17 15:39:37,27.6
2026-06-17 15:39:40,26.8
2026-06-17 15:39:43,27
2026-06-17 15:39:47,26.4
2026-06-17 15:39:49,27
2026-06-17 15:39:52,26.9
2026-06-17 15:39:55,26.8
2026-06-17 15:40:01,26.9
2026-06-17 15:40:03,27.5
2026-06-17 15:40:06,26.9
2026-06-17 15:40:08,26.8
2026-06-17 15:40:11,26.9
2026-06-17 15:40:14,26.9
2026-06-17 15:40:17,26.8
2026-06-17 15:40:20,26.8
2026-06-17 15:40:23,26.9
2026-06-17 15:40:25,26.8
2026-06-17 15:40:28,26.9
2026-06-17 15:40:31,26.8
2026-06-17 15:40:34,26.9
2026-06-17 15:40:37,26.9
2026-06-17 15:40:40,27
2026-06-17 15:40:42,26.7
2026-06-17 15:40:45,26.5
2026-06-17 15:40:48,26.9
2026-06-17 15:40:50,26.8
2026-06-17 15:40:53,26.7
2026-06-17 15:40:56,26.8
2026-06-17 15:40:59,26.9
2026-06-17 15:41:02,26.7
2026-06-17 15:41:04,26.6
2026-06-17 15:41:07,26.8
2026-06-17 15:41:10,26.8
2026-06-17 15:41:12,26.9
2026-06-17 15:41:15,26.9
2026-06-17 15:41:18,26.8
2026-06-17 15:41:21,26.7
2026-06-17 15:41:23,26.8
2026-06-17 15:41:26,26.9
2026-06-17 15:41:29,26.8
2026-06-17 15:41:32,27.2
2026-06-17 15:41:35,26.9
2026-06-17 15:41:38,26.9
2026-06-17 15:41:41,26.9
2026-06-17 15:41:43,26.9
2026-06-17 15:41:46,27.1
2026-06-17 15:41:49,26.8
2026-06-17 15:41:51,26.3
2026-06-17 15:41:54,26.9
2026-06-17 15:41:57,26.8
2026-06-17 15:41:59,26.9
2026-06-17 15:42:02,26.6
2026-06-17 15:42:04,27.8
2026-06-17 15:42:07,26.7
2026-06-17 15:42:10,26.8
2026-06-17 15:42:12,26.8
2026-06-17 15:42:15,26.9
2026-06-17 15:42:18,26.9
2026-06-17 15:42:22,26.9
2026-06-17 15:42:25,26.9
2026-06-17 15:42:27,26.9
2026-06-17 15:42:30,26.9
2026-06-17 15:42:32,26.9
2026-06-17 15:42:35,26.9
2026-06-17 15:42:38,27
2026-06-17 15:42:41,26.9
2026-06-17 15:42:44,26.9
2026-06-17 15:42:46,26.9
2026-06-17 15:42:49,26.9
2026-06-17 15:42:52,26.9
2026-06-17 15:42:55,27
2026-06-17 15:42:57,26.9
2026-06-17 15:43:01,26.9
2026-06-17 15:43:04,27
2026-06-17 15:43:06,26.9
2026-06-17 15:43:09,26.9
2026-06-17 15:43:12,26.9
珂쇌,侊똑
2026-06-17 16:01:42,26.8
2026-06-17 16:01:45,26.8
2026-06-17 16:01:48,26.3
2026-06-17 16:01:51,26.8
2026-06-17 16:01:54,26.8
2026-06-17 16:01:56,26.9
2026-06-17 16:02:00,27.1
2026-06-17 16:02:03,27.3
2026-06-17 16:02:06,26.9
2026-06-17 16:02:08,26.9
2026-06-17 16:02:11,27.1
2026-06-17 16:02:12,27.2
2026-06-17 16:02:15,27.9
2026-06-17 16:02:18,26.9
2026-06-17 16:02:20,26.9
2026-06-17 16:02:23,26.9
2026-06-17 16:02:26,26.9
2026-06-17 16:02:29,26.9
2026-06-17 16:02:32,26.9
2026-06-17 16:02:35,25.6
2026-06-17 16:02:38,28.9
2026-06-17 16:02:41,26.9
2026-06-17 16:02:44,26.9
2026-06-17 16:02:47,26.9
2026-06-17 16:02:50,26.9
2026-06-17 16:02:55,26.9
2026-06-17 16:02:58,27.4
2026-06-17 16:03:01,26.8
2026-06-17 16:03:04,27.2
2026-06-17 16:03:07,25.6
2026-06-17 16:03:11,26.9
2026-06-17 16:03:13,26.8
2026-06-17 16:03:16,27
2026-06-17 16:03:19,26.8
2026-06-17 16:03:21,26.9
2026-06-17 16:03:24,26.9
2026-06-17 16:03:27,26.8
2026-06-17 16:03:29,26.8
2026-06-17 16:03:32,26.8
2026-06-17 16:03:34,26.8
2026-06-17 16:03:37,26.8
2026-06-17 16:03:40,26.8
2026-06-17 16:03:43,26.8
2026-06-17 16:03:47,26.9
2026-06-17 16:03:50,26.8
2026-06-17 16:03:52,26.8
2026-06-17 16:03:55,26.8
2026-06-17 16:03:58,26.8
2026-06-17 16:04:01,26.8
2026-06-17 16:04:04,26.8
2026-06-17 16:04:07,26.9
2026-06-17 16:04:09,26.8
2026-06-17 16:04:12,26.8
2026-06-17 16:04:15,26.8
2026-06-17 16:04:18,26.9
2026-06-17 16:04:21,26.8
2026-06-17 16:04:23,26.8
2026-06-17 16:04:26,26.8
2026-06-17 16:04:28,26.8
2026-06-17 16:04:31,26.8
2026-06-17 16:04:34,26.8
2026-06-17 16:04:37,26.8
2026-06-17 16:04:39,26.8
2026-06-17 16:04:42,26.8
2026-06-17 16:04:44,26.8
2026-06-17 16:04:47,26.8
2026-06-17 16:04:50,26.8
2026-06-17 16:04:52,26.8
2026-06-17 16:04:55,26.8
2026-06-17 16:04:57,26.8
2026-06-17 16:05:00,26.8
2026-06-17 16:05:02,26.8
2026-06-17 16:05:05,26.8
2026-06-17 16:05:08,26.8
2026-06-17 16:05:10,26.8
2026-06-17 16:05:13,26.8
2026-06-17 16:05:15,26.8
2026-06-17 16:05:18,26.8
2026-06-17 16:05:20,26.8
2026-06-17 16:05:23,26.8
2026-06-17 16:05:26,26.8
2026-06-17 16:05:28,26.8
2026-06-17 16:05:32,26.8
2026-06-17 16:05:35,26.9
2026-06-17 16:05:38,26.8
2026-06-17 16:05:41,26.8
2026-06-17 16:05:43,26.8
2026-06-17 16:05:46,26.8
2026-06-17 16:05:48,26.8
2026-06-17 16:05:51,26.8
2026-06-17 16:05:54,26.8
2026-06-17 16:05:57,26.8
2026-06-17 16:06:00,26.8
2026-06-17 16:06:03,26.8
2026-06-17 16:06:05,26.8
2026-06-17 16:06:08,26.8
2026-06-17 16:06:11,26.8
2026-06-17 16:06:13,26.8
2026-06-17 16:06:16,26.8
2026-06-17 16:06:19,26.8
2026-06-17 16:06:22,26.8
2026-06-17 16:06:24,26.8
2026-06-17 16:06:27,26.8
2026-06-17 16:06:30,26.8
2026-06-17 16:06:32,26.8
2026-06-17 16:06:35,26.8
2026-06-17 16:06:38,26.8
2026-06-17 16:06:41,26.8
2026-06-17 16:06:44,26.8
2026-06-17 16:06:47,26.8
2026-06-17 16:06:50,26.8
2026-06-17 16:06:53,26.8
2026-06-17 16:06:56,26.8
2026-06-17 16:06:59,26.8
2026-06-17 16:07:02,26.8
2026-06-17 16:07:05,26.8
2026-06-17 16:07:07,26.8
2026-06-17 16:07:10,26.8
2026-06-17 16:07:13,26.8
2026-06-17 16:07:16,26.8
2026-06-17 16:07:19,26.8
2026-06-17 16:07:22,26.8
2026-06-17 16:07:25,26.8
2026-06-17 16:07:28,26.8
2026-06-17 16:07:31,26.8
2026-06-17 16:07:34,26.8
2026-06-17 16:07:37,26.8
2026-06-17 16:07:40,26.8
2026-06-17 16:07:43,26.8
2026-06-17 16:07:46,26.8
2026-06-17 16:07:49,26.8
2026-06-17 16:07:52,26.8
2026-06-17 16:07:55,26.8
2026-06-17 16:07:58,26.8
2026-06-17 16:08:01,26.8
2026-06-17 16:08:04,26.8
2026-06-17 16:08:07,26.8
2026-06-17 16:08:10,26.8
2026-06-17 16:08:13,26.8
2026-06-17 16:08:16,26.8
2026-06-17 16:08:18,26.8
2026-06-17 16:08:21,26.8
2026-06-17 16:08:24,26.8
2026-06-17 16:08:26,26.8
2026-06-17 16:08:29,26.8
2026-06-17 16:08:32,26.8
2026-06-17 16:08:34,26.8
2026-06-17 16:08:37,26.8
2026-06-17 16:08:40,26.8
2026-06-17 16:08:42,26.8
2026-06-17 16:08:45,26.8
2026-06-17 16:08:48,26.8
2026-06-17 16:08:51,26.8
2026-06-17 16:08:57,26.8
2026-06-17 16:08:59,26.8
2026-06-17 16:09:02,26.8
2026-06-17 16:09:05,26.8
2026-06-17 16:09:08,26.8
2026-06-17 16:09:11,26.8
2026-06-17 16:09:13,26.8
2026-06-17 16:09:16,26.8
2026-06-17 16:09:19,26.8
2026-06-17 16:09:21,26.8
2026-06-17 16:09:24,26.8
2026-06-17 16:09:26,26.8
2026-06-17 16:09:29,26.8
2026-06-17 16:09:32,26.8
2026-06-17 16:09:35,26.8
2026-06-17 16:09:37,26.8
2026-06-17 16:09:40,26.8
2026-06-17 16:09:43,26.8
2026-06-17 16:09:46,26.8
2026-06-17 16:09:48,26.8
2026-06-17 16:09:51,26.8
2026-06-17 16:09:54,26.8
2026-06-17 16:09:57,26.8
2026-06-17 16:09:59,26.8
2026-06-17 16:10:02,26.8
2026-06-17 16:10:05,26.8
2026-06-17 16:10:08,26.8
2026-06-17 16:10:11,26.8
2026-06-17 16:10:14,26.8
2026-06-17 16:10:17,26.8
2026-06-17 16:10:19,26.8
2026-06-17 16:10:22,26.8
2026-06-17 16:10:26,26.8
2026-06-17 16:10:28,26.8
2026-06-17 16:10:31,26.8
2026-06-17 16:10:34,26.8
2026-06-17 16:10:37,26.8
2026-06-17 16:10:39,26.8
2026-06-17 16:10:42,26.8
2026-06-17 16:10:45,26.8
2026-06-17 16:10:48,26.8
2026-06-17 16:10:50,26.8
2026-06-17 16:10:53,26.8
2026-06-17 16:10:56,26.8
2026-06-17 16:10:58,26.8
2026-06-17 16:11:01,26.8
2026-06-17 16:11:04,26.8
2026-06-17 16:11:08,26.8
2026-06-17 16:11:14,26.8
2026-06-17 16:11:17,26.8
2026-06-17 16:11:20,26.8
2026-06-17 16:11:22,26.8
2026-06-17 16:11:25,26.8
2026-06-17 16:11:28,26.8
2026-06-17 16:11:31,26.8
2026-06-17 16:11:34,26.8
2026-06-17 16:11:37,26.8
2026-06-17 16:11:40,26.8
2026-06-17 16:11:43,26.8
2026-06-17 16:11:45,26.8
2026-06-17 16:11:49,26.8
2026-06-17 16:11:52,26.8
2026-06-17 16:11:55,26.8
2026-06-17 16:11:59,26.8
2026-06-17 16:12:05,26.8
2026-06-17 16:12:08,26.7
2026-06-17 16:12:11,26.8
2026-06-17 16:12:14,26.7
2026-06-17 16:12:17,26.7
2026-06-17 16:12:20,26.8
2026-06-17 16:12:23,26.7
2026-06-17 16:12:26,26.7
2026-06-17 16:12:29,26.8
2026-06-17 16:12:32,26.7
2026-06-17 16:12:35,26.7
2026-06-17 16:12:38,26.7
2026-06-17 16:12:41,26.7
2026-06-17 16:12:45,26.7
2026-06-17 16:12:48,26.7
2026-06-17 16:12:50,26.7
2026-06-17 16:12:53,26.7
2026-06-17 16:12:56,26.7
2026-06-17 16:13:00,26.7
2026-06-17 16:13:03,26.7
2026-06-17 16:13:05,26.7
2026-06-17 16:13:09,26.7
2026-06-17 16:13:12,26.7
2026-06-17 16:13:15,26.7
2026-06-17 16:13:18,26.7
2026-06-17 16:13:21,26.7
2026-06-17 16:13:24,26.7
2026-06-17 16:13:27,26.7
2026-06-17 16:13:30,26.7
2026-06-17 16:13:33,26.7
2026-06-17 16:13:36,26.8
2026-06-17 16:13:39,26.7
2026-06-17 16:13:42,26.7
2026-06-17 16:13:45,26.8
2026-06-17 16:13:48,26.7
2026-06-17 16:13:51,26.7
2026-06-17 16:13:54,26.8
2026-06-17 16:13:57,26.7
2026-06-17 16:14:00,26.7
2026-06-17 16:14:03,26.7
2026-06-17 16:14:05,26.7
2026-06-17 16:14:08,26.7
2026-06-17 16:14:10,26.7
2026-06-17 16:14:13,26.7
2026-06-17 16:14:16,26.7
2026-06-17 16:14:18,26.7
2026-06-17 16:14:21,26.7
2026-06-17 16:14:23,26.7
2026-06-17 16:14:26,26.7
2026-06-17 16:14:29,26.7
2026-06-17 16:14:31,26.7
2026-06-17 16:14:34,26.7
2026-06-17 16:14:37,26.8
2026-06-17 16:14:39,26.8
2026-06-17 16:14:42,26.8
2026-06-17 16:14:44,26.8
2026-06-17 16:14:47,26.8
2026-06-17 16:14:49,26.8
2026-06-17 16:14:52,26.8
2026-06-17 16:14:55,26.8
2026-06-17 16:15:06,26.8
2026-06-17 16:15:08,26.9
2026-06-17 16:15:12,26.7
2026-06-17 16:15:14,26.8
2026-06-17 16:15:17,26.8
2026-06-17 16:15:20,26.8
2026-06-17 16:15:23,26.8
2026-06-17 16:15:26,26.8
2026-06-17 16:15:28,26.8
2026-06-17 16:15:31,26.8
2026-06-17 16:15:34,26.8
2026-06-17 16:15:37,26.8
2026-06-17 16:15:40,26.8
2026-06-17 16:15:43,26.8
2026-06-17 16:15:45,26.8
2026-06-17 16:15:48,26.8
2026-06-17 16:15:52,26.8
2026-06-17 16:15:54,26.8
2026-06-17 16:15:58,26.8
2026-06-17 16:16:00,26.8
2026-06-17 16:16:04,26.8
2026-06-17 16:16:07,26.8
2026-06-17 16:16:10,26.8
2026-06-17 16:16:13,26.8
2026-06-17 16:16:16,26.8
2026-06-17 16:16:19,26.8
2026-06-17 16:16:22,26.8
2026-06-17 16:16:25,26.8
2026-06-17 16:16:28,26.8
2026-06-17 16:16:30,26.8
2026-06-17 16:16:33,26.8
2026-06-17 16:16:36,26.8
2026-06-17 16:16:39,26.8
2026-06-17 16:16:42,26.8
2026-06-17 16:16:44,26.8
2026-06-17 16:16:47,26.8
2026-06-17 16:16:49,26.8
2026-06-17 16:16:53,26.8
2026-06-17 16:16:55,26.8
2026-06-17 16:16:58,26.8
2026-06-17 16:17:01,26.8
2026-06-17 16:17:03,26.8
2026-06-17 16:17:06,26.8
2026-06-17 16:17:08,26.8
2026-06-17 16:17:11,26.8
2026-06-17 16:17:14,26.8
2026-06-17 16:17:17,26.8
2026-06-17 16:17:20,26.8
2026-06-17 16:17:22,26.8
2026-06-17 16:17:25,26.8
2026-06-17 16:17:28,26.8
2026-06-17 16:17:30,26.8
2026-06-17 16:17:33,26.8
2026-06-17 16:17:35,26.8
2026-06-17 16:17:38,26.8
2026-06-17 16:17:41,26.8
2026-06-17 16:17:44,26.8
2026-06-17 16:17:47,26.8
2026-06-17 16:17:50,26.8
2026-06-17 16:17:52,26.8
2026-06-17 16:17:55,26.8
2026-06-17 16:17:58,26.8
2026-06-17 16:18:01,26.8
2026-06-17 16:18:04,26.8
2026-06-17 16:18:07,26.8
2026-06-17 16:18:09,26.8
2026-06-17 16:18:12,26.8
2026-06-17 16:18:15,26.8
2026-06-17 16:18:18,26.8
2026-06-17 16:18:20,26.8
2026-06-17 16:18:23,26.8
2026-06-17 16:18:26,26.8
2026-06-17 16:18:29,26.8
2026-06-17 16:18:31,26.8
2026-06-17 16:18:34,26.8
2026-06-17 16:18:36,26.8
2026-06-17 16:18:39,26.8
2026-06-17 16:18:42,26.8
2026-06-17 16:18:44,26.8
2026-06-17 16:18:47,26.8
2026-06-17 16:18:50,26.8
2026-06-17 16:18:53,26.8
2026-06-17 16:18:56,26.8
2026-06-17 16:18:58,26.8
2026-06-17 16:19:01,26.8
2026-06-17 16:19:06,26.8
2026-06-17 16:19:09,26.8
2026-06-17 16:19:12,26.8
2026-06-17 16:19:15,26.8
2026-06-17 16:19:18,26.8
2026-06-17 16:19:21,26.5
2026-06-17 16:19:24,26.8
2026-06-17 16:19:26,26.8
2026-06-17 16:19:29,26.8
2026-06-17 16:19:32,26.8
2026-06-17 16:19:34,26.8
2026-06-17 16:19:37,26.8
2026-06-17 16:19:39,26.8
珂쇌,侊똑
珂쇌,侊똑
2026-06-17 16:44:35,27.3
2026-06-17 16:44:38,27.3
2026-06-17 16:44:40,27.1
2026-06-17 16:44:43,27.4
2026-06-17 16:44:46,27.4
2026-06-17 16:44:48,27.1
2026-06-17 16:44:51,27.3
2026-06-17 16:44:54,28.4
2026-06-17 16:44:57,27.7
2026-06-17 16:45:00,27.3
2026-06-17 16:45:03,27.2
2026-06-17 16:45:05,27.3
2026-06-17 16:45:08,27.1
2026-06-17 16:45:11,27.3
2026-06-17 16:45:14,27.3
2026-06-17 16:45:16,27.4
2026-06-17 16:45:19,26.7
2026-06-17 16:45:22,27.3
2026-06-17 16:45:25,27.3
2026-06-17 16:45:28,27.5
2026-06-17 16:45:31,27.6
2026-06-17 16:45:34,28.2
珂쇌,侊똑
2026-06-18 11:45:20,26.6
2026-06-18 11:45:22,26.6
2026-06-18 11:45:25,26.6
2026-06-18 11:45:28,27.3
2026-06-18 11:45:31,26.6
2026-06-18 11:45:34,26.6
2026-06-18 11:45:37,26.6
2026-06-18 11:45:39,25.9
2026-06-18 11:45:42,26.6
2026-06-18 11:45:45,25.5
2026-06-18 11:45:48,26.9
2026-06-18 11:45:51,26.6
2026-06-18 11:45:53,26.6
2026-06-18 11:45:56,26.6
2026-06-18 11:45:59,26.6
2026-06-18 11:46:02,26.6
2026-06-18 11:46:04,26.6
2026-06-18 11:46:07,26.6
2026-06-18 11:46:10,26.6
2026-06-18 11:46:12,26.6
2026-06-18 11:46:15,26.6
2026-06-18 11:46:18,26.7
2026-06-18 11:46:21,26.7
2026-06-18 11:46:24,26.7
2026-06-18 11:46:27,26.6
2026-06-18 11:46:29,26.7
2026-06-18 11:46:32,26.7
2026-06-18 11:46:34,26.7
2026-06-18 11:46:37,26.7
2026-06-18 11:46:40,26.7
2026-06-18 11:46:42,26.7
2026-06-18 11:46:45,26.7
2026-06-18 11:46:47,26.7
2026-06-18 11:46:50,26.7
2026-06-18 11:46:55,26.7
2026-06-18 11:46:58,26.7
2026-06-18 11:47:01,26.7
2026-06-18 11:47:04,26.7
2026-06-18 11:47:07,26.6
2026-06-18 11:47:09,26.7
2026-06-18 11:47:12,26.7
2026-06-18 11:47:14,26.7
2026-06-18 11:47:17,26.7
2026-06-18 11:47:19,26.7
2026-06-18 11:47:22,26.7
2026-06-18 11:47:25,26.7
2026-06-18 11:47:27,26.7
2026-06-18 11:47:30,26.7
2026-06-18 11:47:32,26.7
2026-06-18 11:47:35,26.7
2026-06-18 11:47:38,26.7
2026-06-18 11:47:41,26.7
2026-06-18 11:47:43,26.7
2026-06-18 11:47:46,26.7
2026-06-18 11:47:49,26.7
2026-06-18 11:47:51,26.7
2026-06-18 11:47:54,26.7
2026-06-18 11:47:57,26.7
2026-06-18 11:47:59,26.7
2026-06-18 11:48:02,26.7
2026-06-18 11:48:04,26.7
2026-06-18 11:48:07,26.7
2026-06-18 11:48:09,26.7
2026-06-18 11:48:12,26.7
2026-06-18 11:48:15,26.6
2026-06-18 11:48:18,26.6
2026-06-18 11:48:21,26.6
2026-06-18 11:48:24,26.6
2026-06-18 11:48:27,26.6
2026-06-18 11:48:30,26.6
2026-06-18 11:48:33,26.6
2026-06-18 11:48:36,26.6
2026-06-18 11:48:38,26.6
2026-06-18 11:48:41,26.6
2026-06-18 11:48:43,26.6
2026-06-18 11:48:46,26.6
2026-06-18 11:48:49,26.6
2026-06-18 11:48:52,26.6
2026-06-18 11:48:55,26.6
2026-06-18 11:48:58,26.6
2026-06-18 11:49:01,26.6
2026-06-18 11:49:04,26.6
2026-06-18 11:49:07,26.6
2026-06-18 11:49:10,26.6
2026-06-18 11:49:13,26.6
2026-06-18 11:49:15,26.6
2026-06-18 11:49:18,26.6
2026-06-18 11:49:21,26.6
2026-06-18 11:49:24,26.5
2026-06-18 11:49:27,26.6
2026-06-18 11:49:30,26.6
2026-06-18 11:49:33,26.6
2026-06-18 11:49:36,26.5
2026-06-18 11:49:38,26.5
2026-06-18 11:49:41,26.5
2026-06-18 11:49:43,26.5
2026-06-18 11:49:46,26.5
2026-06-18 11:49:49,26.5
2026-06-18 11:49:51,26.5
2026-06-18 11:49:54,26.5
2026-06-18 11:49:56,26.5
2026-06-18 11:49:59,26.5
2026-06-18 11:50:01,26.5
2026-06-18 11:50:04,26.5
2026-06-18 11:50:07,26.5
2026-06-18 11:50:09,26.5
2026-06-18 11:50:13,26.5
2026-06-18 11:50:15,26.5
2026-06-18 11:50:19,26.5
2026-06-18 11:50:22,26.5
2026-06-18 11:50:24,26.5
2026-06-18 11:50:28,26.5
2026-06-18 11:50:34,26.5
2026-06-18 11:50:37,26.5
2026-06-18 11:50:40,26.5
2026-06-18 11:50:43,26.5
2026-06-18 11:50:46,26.5
2026-06-18 11:50:49,26.5
2026-06-18 11:50:51,26.5
2026-06-18 11:50:54,26.5
2026-06-18 11:50:56,26.5
2026-06-18 11:50:59,26.4
2026-06-18 11:51:02,26.4
2026-06-18 11:51:05,26.4
2026-06-18 11:51:07,26.4
2026-06-18 11:51:10,26.4
2026-06-18 11:51:13,26.4
2026-06-18 11:51:16,26.4
2026-06-18 11:51:19,26.4
2026-06-18 11:51:22,26.4
2026-06-18 11:51:25,26.4
2026-06-18 11:51:28,26.4
2026-06-18 11:51:31,26.4
2026-06-18 11:51:34,26.4
2026-06-18 11:51:37,26.4
2026-06-18 11:51:39,26.4
2026-06-18 11:51:42,26.4
2026-06-18 11:51:44,26.4
2026-06-18 11:51:47,26.4
2026-06-18 11:51:49,26.4
2026-06-18 11:51:52,26.4
2026-06-18 11:51:55,26.4
2026-06-18 11:51:57,26.4
2026-06-18 11:52:00,26.4
2026-06-18 11:52:02,26.3
2026-06-18 11:52:05,26.3
2026-06-18 11:52:08,26.3
2026-06-18 11:52:11,26.3
2026-06-18 11:52:14,26.3
2026-06-18 11:52:18,26.3
2026-06-18 11:52:21,26.3
2026-06-18 11:52:23,26.3
2026-06-18 11:52:27,26.3
2026-06-18 11:52:30,26.3
2026-06-18 11:52:33,26.3
2026-06-18 11:52:36,26.3
2026-06-18 11:52:39,26.3
2026-06-18 11:52:42,26.3
2026-06-18 11:52:45,26.3
2026-06-18 11:52:48,26.3
2026-06-18 11:52:51,26.3
2026-06-18 11:52:54,26.3
2026-06-18 11:52:57,26.3
2026-06-18 11:53:00,26.3
2026-06-18 11:53:02,26.3
2026-06-18 11:53:05,26.3
2026-06-18 11:53:08,26.2
2026-06-18 11:53:11,26.2
2026-06-18 11:53:13,26.2
2026-06-18 11:53:19,26.2
珂쇌,侊똑
2026-06-27 14:36:31,25.8
2026-06-27 14:36:34,25.8
2026-06-27 14:36:37,25.8
2026-06-27 14:36:40,25.8
2026-06-27 14:36:43,25.8
2026-06-27 14:36:45,25.8
2026-06-27 14:36:48,25.8
2026-06-27 14:36:51,25.8
2026-06-27 14:36:54,25.8
2026-06-27 14:36:57,25.8
2026-06-27 14:37:00,25.8
2026-06-27 14:37:03,25.8
2026-06-27 14:37:06,25.8
2026-06-27 14:37:09,26.3
2026-06-27 14:37:12,26.3
2026-06-27 14:37:15,26.6
2026-06-27 14:37:18,26.9
2026-06-27 14:37:20,27.1
2026-06-27 14:37:23,27.3
2026-06-27 14:37:26,27.3
2026-06-27 14:37:29,27.4
2026-06-27 14:37:32,27.4
2026-06-27 14:37:34,27.4
2026-06-27 14:37:37,27.4
2026-06-27 14:37:40,27.5
2026-06-27 14:37:43,27.5
2026-06-27 14:37:45,27.5
2026-06-27 14:37:48,27.4
2026-06-27 14:37:51,27.4
2026-06-27 14:37:54,27.4
2026-06-27 14:37:57,27.4
2026-06-27 14:37:59,27.4
2026-06-27 14:38:02,27.4
2026-06-27 14:38:04,27.4
2026-06-27 14:38:07,27.4
2026-06-27 14:38:09,27.3
2026-06-27 14:38:12,27.3
2026-06-27 14:38:15,27.3
2026-06-27 14:38:18,27.3
2026-06-27 14:38:20,27.3
2026-06-27 14:38:23,27.3
2026-06-27 14:38:25,27.2
2026-06-27 14:38:28,27.2
2026-06-27 14:38:31,27.2
2026-06-27 14:38:33,27.1
2026-06-27 14:38:36,27.1
2026-06-27 14:38:38,27.1
2026-06-27 14:38:41,27.1
2026-06-27 14:38:44,27
2026-06-27 14:38:47,27
2026-06-27 14:38:50,27
2026-06-27 14:38:53,27
2026-06-27 14:38:55,27
2026-06-27 14:38:58,26.9
2026-06-27 14:39:01,26.9
2026-06-27 14:39:04,26.9
2026-06-27 14:39:07,26.9
2026-06-27 14:39:09,26.9
2026-06-27 14:39:12,26.8
2026-06-27 14:39:15,26.8
2026-06-27 14:39:18,26.8
2026-06-27 14:39:21,26.8
2026-06-27 14:39:24,26.8
2026-06-27 14:39:27,26.8
2026-06-27 14:39:30,26.8
2026-06-27 14:39:32,26.7
2026-06-27 14:39:35,26.7
2026-06-27 14:39:38,26.7
2026-06-27 14:39:41,26.7
2026-06-27 14:39:43,26.6
2026-06-27 14:39:46,26.6
2026-06-27 14:39:49,26.6
2026-06-27 14:39:51,26.6
2026-06-27 14:39:54,26.6
2026-06-27 14:39:57,26.6
2026-06-27 14:40:00,26.6
2026-06-27 14:40:02,26.6
2026-06-27 14:40:05,26.6
2026-06-27 14:40:08,26.6
2026-06-27 14:40:11,26.5
2026-06-27 14:40:14,26.5
2026-06-27 14:40:16,26.5
2026-06-27 14:40:19,26.5
2026-06-27 14:40:22,26.5
2026-06-27 14:40:25,26.5
2026-06-27 14:40:28,26.5
2026-06-27 14:40:31,26.5
2026-06-27 14:40:34,26.5
2026-06-27 14:40:37,26.5
2026-06-27 14:40:40,26.5
2026-06-27 14:40:43,26.4
2026-06-27 14:40:46,26.4
2026-06-27 14:40:49,26.4
2026-06-27 14:40:52,26.4
2026-06-27 14:40:54,26.4
2026-06-27 14:40:58,26.4
2026-06-27 14:41:01,26.4
2026-06-27 14:41:03,26.4
2026-06-27 14:41:06,26.4
2026-06-27 14:41:09,26.4
2026-06-27 14:41:11,26.4
2026-06-27 14:41:15,26.4
2026-06-27 14:41:18,26.4
2026-06-27 14:41:21,26.4
2026-06-27 14:41:24,26.4
2026-06-27 14:41:26,26.4
2026-06-27 14:41:29,26.4
2026-06-27 14:41:32,26.4
2026-06-27 14:41:35,26.4
2026-06-27 14:41:37,26.4
2026-06-27 14:41:40,26.4
2026-06-27 14:41:43,26.4
2026-06-27 14:41:46,26.3
2026-06-27 14:41:49,26.3
2026-06-27 14:41:52,26.3
2026-06-27 14:41:55,26.3
2026-06-27 14:41:58,26.3
2026-06-27 14:42:01,26.3
2026-06-27 14:42:04,26.3
2026-06-27 14:42:07,26.3
2026-06-27 14:42:10,26.3
2026-06-27 14:42:13,26.3
2026-06-27 14:42:16,26.3
2026-06-27 14:42:19,26.3
2026-06-27 14:42:22,26.3
2026-06-27 14:42:25,26.3
2026-06-27 14:42:27,26.3
2026-06-27 14:42:30,26.3
2026-06-27 14:42:33,26.2
2026-06-27 14:42:36,26.2
2026-06-27 14:42:38,26.2
2026-06-27 14:42:44,26.2
2026-06-27 14:42:50,26.1
2026-06-27 14:42:53,26.2
2026-06-27 14:42:56,26.1
2026-06-27 14:42:58,26.1
2026-06-27 14:43:01,26.1
2026-06-27 14:43:04,26.1
2026-06-27 14:43:07,26.1
2026-06-27 14:43:10,26.1
2026-06-27 14:43:13,26.1
2026-06-27 14:43:15,26.1
2026-06-27 14:43:18,26.1
2026-06-27 14:43:20,26.1
2026-06-27 14:43:23,26.1
2026-06-27 14:43:26,26.1
2026-06-27 14:43:28,26.1
2026-06-27 14:43:31,26.1
2026-06-27 14:43:34,26.1
2026-06-27 14:43:36,26.1
2026-06-27 14:43:39,26
2026-06-27 14:43:42,26.1
2026-06-27 14:43:46,26
2026-06-27 14:43:49,26
2026-06-27 14:43:51,26
2026-06-27 14:43:54,26
2026-06-27 14:43:57,26
2026-06-27 14:43:59,26
2026-06-27 14:44:02,26
2026-06-27 14:44:05,26
2026-06-27 14:44:08,26
2026-06-27 14:44:10,26
2026-06-27 14:44:13,26
2026-06-27 14:44:16,26
2026-06-27 14:44:18,26
2026-06-27 14:44:21,26
2026-06-27 14:44:24,26
2026-06-27 14:44:27,26
2026-06-27 14:44:30,26
2026-06-27 14:44:33,26
2026-06-27 14:44:36,26
2026-06-27 14:44:38,26
2026-06-27 14:44:41,26
2026-06-27 14:44:44,26
2026-06-27 14:44:47,26
2026-06-27 14:44:50,26
2026-06-27 14:44:52,26
2026-06-27 14:44:55,26
2026-06-27 14:44:58,26
2026-06-27 14:45:00,26
2026-06-27 14:45:03,26
2026-06-27 14:45:06,26
2026-06-27 14:45:09,26
2026-06-27 14:45:12,26
2026-06-27 14:45:15,26
2026-06-27 14:45:17,26
2026-06-27 14:45:20,26
2026-06-27 14:45:23,26
2026-06-27 14:45:26,26
2026-06-27 14:45:28,26
2026-06-27 14:52:03,26.8
2026-06-27 14:52:05,26.8
2026-06-27 14:52:08,26.8
2026-06-27 14:52:10,26.8
2026-06-27 14:52:13,26.8
2026-06-27 14:52:16,26.8
2026-06-27 14:52:19,26.8
2026-06-27 14:52:21,26.8
2026-06-27 14:52:24,26.8
2026-06-27 14:52:27,26.8
2026-06-27 14:52:29,26.8
2026-06-27 14:52:32,26.8
2026-06-27 14:52:35,26.8
2026-06-27 14:52:38,26.8
2026-06-27 14:52:40,26.8
2026-06-27 14:52:43,26.8
2026-06-27 14:52:46,26.8
2026-06-27 14:52:49,26.8
2026-06-27 14:52:52,26.8
2026-06-27 14:52:55,26.8
2026-06-27 14:52:58,26.8
2026-06-27 14:53:03,26.7
2026-06-27 14:53:06,26.7
2026-06-27 14:53:09,26.7
2026-06-27 14:53:12,26.7
2026-06-27 14:53:15,26.7
2026-06-27 14:53:18,26.6
2026-06-27 14:53:21,26.7
2026-06-27 14:53:24,26.6
2026-06-27 14:53:27,26.6
2026-06-27 14:53:30,26.6
2026-06-27 14:53:32,26.6
2026-06-27 14:53:38,26.6
2026-06-27 14:53:40,26.6
2026-06-27 14:53:43,26.6
2026-06-27 14:53:46,26.6
2026-06-27 14:53:49,26.6
2026-06-27 14:53:52,26.6
2026-06-27 14:53:54,26.6
2026-06-27 14:53:57,26.6
2026-06-27 14:54:00,26.6
2026-06-27 14:54:02,26.6
2026-06-27 14:54:05,26.6
2026-06-27 14:54:08,26.6
2026-06-27 14:54:10,26.6
2026-06-27 14:54:13,26.6
2026-06-27 14:54:16,26.6
2026-06-27 14:54:18,26.6
2026-06-27 14:54:21,26.6
2026-06-27 14:54:24,26.6
2026-06-27 14:54:27,26.6
2026-06-27 14:54:30,26.7
2026-06-27 14:54:32,27
2026-06-27 14:54:35,27.4
2026-06-27 14:54:38,27.5
2026-06-27 14:54:40,27.7
2026-06-27 14:54:44,27.9
2026-06-27 14:54:46,27.9
2026-06-27 14:54:50,28
2026-06-27 14:54:53,28.1
2026-06-27 14:54:55,28.1
2026-06-27 14:54:58,28.1
2026-06-27 14:55:01,29.4
2026-06-27 14:55:06,28.1
2026-06-27 14:55:09,28.1
2026-06-27 14:55:12,28.1
2026-06-27 14:55:14,28.1
2026-06-27 14:55:17,28.1
2026-06-27 14:55:20,28.1
2026-06-27 14:55:23,28.1
2026-06-27 14:55:26,28
2026-06-27 14:55:29,28
2026-06-27 14:55:32,28
2026-06-27 14:55:35,28
2026-06-27 14:55:38,27.9
2026-06-27 14:55:40,27.9
2026-06-27 14:55:43,27.9
2026-06-27 14:55:46,27.9
2026-06-27 14:55:49,27.8
2026-06-27 14:55:51,27.8
2026-06-27 14:55:54,27.8
2026-06-27 14:55:57,27.8
2026-06-27 14:56:00,27.8
2026-06-27 14:56:02,27.6
2026-06-27 14:56:05,27.6
2026-06-27 14:56:08,27.6
2026-06-27 14:56:10,27.6
2026-06-27 14:56:13,27.6
2026-06-27 14:56:16,27.6
2026-06-27 14:56:18,27.5
2026-06-27 14:56:22,27.5
2026-06-27 14:56:25,27.5
2026-06-27 14:56:27,27.5
2026-06-27 14:56:30,27.4
2026-06-27 14:56:33,27.4
2026-06-27 14:56:36,27.4
2026-06-27 14:56:39,27.4
2026-06-27 14:56:41,27.3
2026-06-27 14:56:44,27.3
2026-06-27 14:56:48,27.3
2026-06-27 14:56:50,27.3
2026-06-27 14:56:56,27.2
2026-06-27 14:56:59,26.5
2026-06-27 14:57:01,27.3
2026-06-27 14:57:04,27.2
2026-06-27 14:57:07,27.3
2026-06-27 14:57:09,27.1
2026-06-27 14:57:12,27.1
2026-06-27 14:57:15,27.1
2026-06-27 14:57:18,27.1
2026-06-27 14:57:21,27
2026-06-27 14:57:24,27.1
2026-06-27 14:57:27,27.1
2026-06-27 14:57:30,27
2026-06-27 14:57:33,27
2026-06-27 14:57:36,27
2026-06-27 14:57:38,27
2026-06-27 14:57:41,27
2026-06-27 14:57:44,27
2026-06-27 14:57:46,27.1
2026-06-27 14:57:49,27
